,title,director,actors,writer,rated,year,language,country,genre,awards,plot,poster
0,Portrait of a Lady on Fire,Céline Sciamma,"Noémie Merlant, Adèle Haenel, Luàna Bajrami, Valeria Golino",Céline Sciamma,R,2019,"French, Italian",France,"Drama, Romance",Nominated for 1 Golden Globe. Another 44 wins & 124 nominations.,"On an isolated island in Brittany at the end of the eighteenth century, a female painter is obliged to paint a wedding portrait of a young woman.",https://m.media-amazon.com/images/M/MV5BNjgwNjkwOWYtYmM3My00NzI1LTk5OGItYWY0OTMyZTY4OTg2XkEyXkFqcGdeQXVyODk4OTc3MTY@._V1_SX300.jpg
1,1917,Sam Mendes,"Dean-Charles Chapman, George MacKay, Daniel Mays, Colin Firth","Sam Mendes, Krysty Wilson-Cairns",R,2019,"English, French, German","USA, UK, India, Spain, Canada, China","Drama, War",Won 3 Oscars. Another 111 wins & 171 nominations.,"April 6th, 1917. As a regiment assembles to wage war deep in enemy territory, two soldiers are assigned to race against time and deliver a message that will stop 1,600 men from walking straight into a deadly trap.",https://m.media-amazon.com/images/M/MV5BOTdmNTFjNDEtNzg0My00ZjkxLTg1ZDAtZTdkMDc2ZmFiNWQ1XkEyXkFqcGdeQXVyNTAzNzgwNTg@._V1_SX300.jpg
2,The Invisible Man,Leigh Whannell,"Elisabeth Moss, Oliver Jackson-Cohen, Harriet Dyer, Aldis Hodge","Leigh Whannell (screenplay), Leigh Whannell (screen story)",R,2020,English,"Canada, Australia, USA","Drama, Horror, Mystery, Sci-Fi, Thriller",5 wins & 12 nominations.,"When Cecilia's abusive ex takes his own life and leaves her his fortune, she suspects his death was a hoax. As a series of coincidences turn lethal, Cecilia works to prove that she is being hunted by someone nobody can see.",https://m.media-amazon.com/images/M/MV5BZjFhM2I4ZDYtZWMwNC00NTYzLWE3MDgtNjgxYmM3ZWMxYmVmXkEyXkFqcGdeQXVyMTkxNjUyNQ@@._V1_SX300.jpg
3,Never Rarely Sometimes Always,Eliza Hittman,"Eliazar Jimenez, David Buneta, Christian Clements, Sam Dugger",Eliza Hittman,PG-13,2020,English,"USA, UK",Drama,6 wins & 16 nominations.,A pair of teenage girls in rural Pennsylvania travel to New York City to seek out medical help after an unintended pregnancy.,https://m.media-amazon.com/images/M/MV5BOGUzZjZhMmUtZDE4Yi00NTI0LWJlMDUtNTU1OWI2ZWM1MzBmXkEyXkFqcGdeQXVyMTkxNjUyNQ@@._V1_SX300.jpg
4,Hamilton,Thomas Kail,"Daveed Diggs, Renée Elise Goldsberry, Jonathan Groff, Chris Jackson","Lin-Manuel Miranda (book), Ron Chernow (inspired by the book Alexander Hamilton by)",PG-13,2020,English,USA,"Biography, Drama, History, Musical",1 win & 2 nominations.,"The real life of one of America's foremost founding fathers and first Secretary of the Treasury, Alexander Hamilton. Captured live on Broadway from the Richard Rodgers Theater with the original Broadway cast.",https://m.media-amazon.com/images/M/MV5BNjViNWRjYWEtZTI0NC00N2E3LTk0NGQtMjY4NTM3OGNkZjY0XkEyXkFqcGdeQXVyMjUxMTY3ODM@._V1_SX300.jpg
5,Da 5 Bloods,Spike Lee,"Delroy Lindo, Jonathan Majors, Clarke Peters, Norm Lewis","Danny Bilson, Paul De Meo, Kevin Willmott, Spike Lee",R,2020,"English, Finnish, French, Vietnamese",USA,"Adventure, Drama, War",4 wins & 3 nominations.,Four African American vets battle the forces of man and nature when they return to Vietnam seeking the remains of their fallen squad leader and the gold fortune he helped them hide.,https://m.media-amazon.com/images/M/MV5BNjE4ODEwNzktYjg5Yi00N2YxLWExMmEtMmQyZTBiYWI4MGQwXkEyXkFqcGdeQXVyMTEyMjM2NDc2._V1_SX300.jpg
6,Sound of Metal,Darius Marder,"Riz Ahmed, Olivia Cooke, Paul Raci, Mathieu Amalric","Darius Marder (screenplay by), Derek Cianfrance (story by), Darius Marder, Abraham Marder",R,2019,"English, American Sign Language, French","Belgium, USA","Drama, Music",5 wins & 7 nominations.,A heavy-metal drummer's life is thrown into freefall when he begins to lose his hearing.,https://m.media-amazon.com/images/M/MV5BNjcyYjg0M2ItMzMyZS00NmM1LTlhZDMtN2MxN2RhNWY4YTkwXkEyXkFqcGdeQXVyNjY1MTg4Mzc@._V1_SX300.jpg
7,Nomadland,Chloé Zhao,"Frances McDormand, Gay DeForest, Patricia Grier, Linda May","Jessica Bruder (book), Chloé Zhao (screenplay by)",R,2020,English,"USA, Germany",Drama,19 wins & 12 nominations.,"After losing everything in the Great Recession, an old woman embarks on a journey through the American West, living as a van-dwelling modern-day nomad.",https://m.media-amazon.com/images/M/MV5BOTljNjQ3NmMtNmJkOS00OWEyLWJkZWUtYzA2YWIxODQ5NWUxXkEyXkFqcGdeQXVyODk4OTc3MTY@._V1_SX300.jpg
8,Miss Juneteenth,Channing Godfrey Peoples,"Nicole Beharie, Kendrick Sampson, Alexis Chikaeze, Lori Hayes",Channing Godfrey Peoples,Unrated,2020,English,USA,Drama,2 wins & 4 nominations.,"A former beauty queen and single mom prepares her rebellious teenage daughter for the ""Miss Juneteenth"" pageant.",https://m.media-amazon.com/images/M/MV5BNTA5ZWU4ZTYtMGY0ZC00M2FkLTlmODktZDJmNGJjZjdhYzEwXkEyXkFqcGdeQXVyMTkxNjUyNQ@@._V1_SX300.jpg
9,Onward,Dan Scanlon,"Tom Holland, Chris Pratt, Julia Louis-Dreyfus, Octavia Spencer","Dan Scanlon (original story by), Keith Bunin (original story by), Jason Headley (original story by), Dan Scanlon (screenplay by), Jason Headley (screenplay by), Keith Bunin (screenplay by)",PG,2020,English,USA,"Animation, Adventure, Comedy, Family, Fantasy",2 wins & 4 nominations.,Two elven brothers embark on a quest to bring their father back for one day.,https://m.media-amazon.com/images/M/MV5BMTZlYzk3NzQtMmViYS00YWZmLTk5ZTEtNWE0NGVjM2MzYWU1XkEyXkFqcGdeQXVyNDg4NjY5OTQ@._V1_SX300.jpg
10,His House,Remi Weekes,"Sope Dirisu, Wunmi Mosaku, Malaika Wakoli-Abigaba, Matt Smith","Remi Weekes (screenplay), Felicity Evans (story), Toby Venables (story)",TV-14,2020,"English, Dinka",UK,"Drama, Horror, Thriller",1 win & 1 nomination.,"A refugee couple makes a harrowing escape from war-torn South Sudan, but then they struggle to adjust to their new life in an English town that has an evil lurking beneath the surface.",https://m.media-amazon.com/images/M/MV5BODY2NjQzYzYtYTgyMy00M2MxLTgyMWQtZTU1NWZjZWU4ZDc3XkEyXkFqcGdeQXVyNjEwNTM2Mzc@._V1_SX300.jpg
11,Wolfwalkers,"Tomm Moore, Ross Stewart","Honor Kneafsey, Eva Whittaker, Sean Bean, Simon McBurney","Jericca Cleland (story and script consultant), Will Collins (screenplay), Tomm Moore (story), Ross Stewart (story)",PG,2020,English,"Ireland, Luxembourg, France, USA, UK","Animation, Adventure, Family, Fantasy",1 win & 4 nominations.,A young apprentice hunter and her father journey to Ireland to help wipe out the last wolf pack. But everything changes when she befriends a free-spirited girl from a mysterious tribe rumored to transform into wolves by night.,https://m.media-amazon.com/images/M/MV5BNTA4MWQ4NGUtOGQ0MS00M2QyLWE5MDItZWM2YzA0ZDgxZTA2XkEyXkFqcGdeQXVyNjY1MTg4Mzc@._V1_SX300.jpg
12,,,,,,,,,,,,
13,Ma Rainey's Black Bottom,George C. Wolfe,"Viola Davis, Chadwick Boseman, Colman Domingo, Glynn Turman","Ruben Santiago-Hudson (screenplay by), August Wilson (based on the play written by)",R,2020,English,USA,"Drama, Music",2 wins & 11 nominations.,"Chicago, 1927. A recording session. Tensions rise between Ma Rainey, her ambitious horn player and the white management determined to control the uncontrollable ""Mother of the Blues"". Based on Pulitzer Prize winner August Wilson's play.",https://m.media-amazon.com/images/M/MV5BYWFmZmVjMjUtMzc1ZS00MjEyLThmNGUtOWIwZDkxMTU3OGE5XkEyXkFqcGdeQXVyMTkxNjUyNQ@@._V1_SX300.jpg
14,The Trial of the Chicago 7,Aaron Sorkin,"Eddie Redmayne, Alex Sharp, Sacha Baron Cohen, Jeremy Strong",Aaron Sorkin,R,2020,English,"USA, UK, India","Drama, History, Thriller",3 wins & 1 nomination.,"The story of 7 people on trial stemming from various charges surrounding the uprising at the 1968 Democratic National Convention in Chicago, Illinois.",https://m.media-amazon.com/images/M/MV5BYjYzOGE1MjUtODgyMy00ZDAxLTljYTgtNzk0Njg2YWQwMTZhXkEyXkFqcGdeQXVyMDM2NDM2MQ@@._V1_SX300.jpg
15,Palm Springs,Max Barbakow,"Andy Samberg, Cristin Milioti, J.K. Simmons, Peter Gallagher",Andy Siara (screenplay),R,2020,English,"USA, Hong Kong","Comedy, Fantasy, Mystery, Romance",6 nominations.,"When carefree Nyles and reluctant maid of honor Sarah have a chance encounter at a Palm Springs wedding, things get complicated as they are unable to escape the venue, themselves, or each other.",https://m.media-amazon.com/images/M/MV5BYjk0MTgzMmQtZmY2My00NmE5LWExNGUtYjZkNTA3ZDkyMTJiXkEyXkFqcGdeQXVyMTkxNjUyNQ@@._V1_SX300.jpg
16,Time,Ki-duk Kim,"Jung-woo Ha, Ji-Yeon Park, Jun-yeong Jang, Gyu-Woon Jung",Ki-duk Kim,Not Rated,2006,Korean,"South Korea, Japan","Drama, Mystery, Romance",3 wins & 1 nomination.,"To save her relationship, a woman puts herself through extensive plastic surgery.",https://m.media-amazon.com/images/M/MV5BMjA1NjU5OTcxNl5BMl5BanBnXkFtZTcwNTMyNjYzMQ@@._V1_SX300.jpg
17,The Personal History of David Copperfield,Armando Iannucci,"Fisayo Akinade, Nikki Amuka-Bird, Albie Atkinson, Aneurin Barnard","Simon Blackwell (screenplay by), Charles Dickens (novel), Armando Iannucci (screenplay)",PG,2019,English,"UK, USA","Comedy, Drama",Nominated for 1 BAFTA Film Award. Another 7 wins & 7 nominations.,A modern take on Charles Dickens's classic tale of a young orphan who is able to triumph over many obstacles.,https://m.media-amazon.com/images/M/MV5BMjdhZmUxZTMtOWRmZS00ZmY0LTgxMzMtZjRjZDg2MTExY2IyXkEyXkFqcGdeQXVyMTkxNjUyNQ@@._V1_SX300.jpg
18,Host,Rob Savage,"Haley Bishop, Jemma Moore, Emma Louise Webb, Radina Drandova","Gemma Hurley, Rob Savage, Jed Shepherd",Not Rated,2020,English,UK,"Horror, Mystery",1 win.,"Six friends hire a medium to hold a seance via Zoom during lockdown, but they get far more than they bargained for as things quickly go wrong.",https://m.media-amazon.com/images/M/MV5BOTY1YTk5ZTQtZTUyZi00MTNjLWFiZmMtZTRkZGQwODFhZDYxXkEyXkFqcGdeQXVyNjU0NTI0Nw@@._V1_SX300.jpg
19,Blow the Man Down,"Bridget Savage Cole, Danielle Krudy","David Coffin, David Pridemore, Adam Wolf Mayerson, Mark S. Cartier","Bridget Savage Cole, Danielle Krudy",R,2019,English,USA,"Comedy, Drama, Mystery",1 win & 7 nominations.,"Mary Beth and Priscilla Connolly attempt to cover up a gruesome run-in with a dangerous man. To conceal their crime, the sisters must go deep into the criminal underbelly of their hometown, uncovering the town's darkest secrets.",https://m.media-amazon.com/images/M/MV5BYmM3MDlkNDItN2RhNy00Mjc2LWJmNjktODk4NGE0NmRmMTFkXkEyXkFqcGdeQXVyODE0OTU5Nzg@._V1_SX300.jpg
20,Dick Johnson Is Dead,Kirsten Johnson,"Michael Hilow, Ana Hoffman, Dick Johnson, Kirsten Johnson","Nels Bangerter, Kirsten Johnson",PG-13,2020,English,USA,"Documentary, Drama",2 wins & 6 nominations.,A daughter helps her father prepare for the end of his life.,https://m.media-amazon.com/images/M/MV5BYzY5YjcxMzYtZDgxMS00ZjUyLWFmYjItYTNmZTU3ODAwMzBkXkEyXkFqcGdeQXVyMTEyMjM2NDc2._V1_SX300.jpg
21,Collective,Alexander Nanau,"Razvan Lutac, Mirela Neag, Catalin Tolontan, Tedy Ursuleanu","Alexander Nanau, Antoaneta Opris",N/A,2019,"Romanian, English","Romania, Luxembourg",Documentary,8 wins & 8 nominations.,Director Alexander Nanau follows a crack team of investigators at the Romanian newspaper Gazeta Sporturilor as they try to uncover a vast health-care fraud that enriched moguls and politicians and led to the deaths of innocent citizens.,https://m.media-amazon.com/images/M/MV5BOTQ1ZmU0ZmMtNTZlOC00MmI5LTg5MmQtZDJjYmZlOWI1YjhkXkEyXkFqcGdeQXVyMTQ3Njg3MQ@@._V1_SX300.jpg
22,The Vast of Night,Andrew Patterson,"Sierra McCormick, Jake Horowitz, Gail Cronauer, Bruce Davis","Andrew Patterson (teleplay by), Craig W. Sanger (teleplay by)",PG-13,2019,English,USA,"Drama, Mystery, Sci-Fi, Thriller",4 wins & 15 nominations.,"One night in New Mexico, in the late 1950s, a switchboard operator and radio DJ discover a strange audio frequency which could change the future forever.",https://m.media-amazon.com/images/M/MV5BY2YxNDczNGYtNmViNi00MDZiLWJiM2ItNGFlN2Q1NGExNGZhXkEyXkFqcGdeQXVyODE0OTU5Nzg@._V1_SX300.jpg
23,Saint Frances,Alex Thompson,"Kelly O'Sullivan, Charin Alvarez, Braden Crothers, William Drain",Kelly O'Sullivan,N/A,2019,English,USA,"Comedy, Drama",10 wins & 14 nominations.,"After an accidental pregnancy turned abortion, a deadbeat nanny finds an unlikely friendship with the six-year old she's charged with protecting.",https://m.media-amazon.com/images/M/MV5BMWFkODE5NjctZjc1Ni00OTIwLWFjYjAtZTU2MDFkZDI1NmMxXkEyXkFqcGdeQXVyMjQ0NzcxNjM@._V1_SX300.jpg
24,The Forty-Year-Old Version,Radha Blank,"Radha Blank, Peter Kim, Oswin Benjamin, Imani Lewis",Radha Blank,R,2020,English,USA,"Comedy, Drama",2 wins & 4 nominations.,"Radha is a down-on-her-luck NY playwright, who is desperate for a breakthrough before 40. Reinventing herself as rapper RadhaMUSPrime, she vacillates between the worlds of Hip Hop and theater in order to find her true voice.",https://m.media-amazon.com/images/M/MV5BMWQwNWFmYWEtZjU1NC00Mjk3LTgzZGQtNTJhODU5OTkxYzhhXkEyXkFqcGdeQXVyMjUxMTY3ODM@._V1_SX300.jpg
25,First Cow,Kelly Reichardt,"Alia Shawkat, John Magaro, Dylan Smith, Ryan Findley","Jonathan Raymond (based upon the novel ""The Half-Life"" by), Jonathan Raymond (screenplay), Kelly Reichardt (screenplay)",PG-13,2019,English,USA,Drama,2 wins & 9 nominations.,"A skilled cook has traveled west and joined a group of fur trappers in Oregon, though he only finds true connection with a Chinese immigrant also seeking his fortune. Soon the two collaborate on a successful business.",https://m.media-amazon.com/images/M/MV5BMGUzMGEzM2UtMDg2Ny00Yjk1LTgxMTctMWI1ZGM0ZDBiYjgxXkEyXkFqcGdeQXVyMTA4NjE0NjEy._V1_SX300.jpg
26,Driveways,Andrew Ahn,"Lucas Jaye, Hong Chau, Brian Dennehy, Laurent Rejto","Hannah Bos, Paul Thureen",N/A,2019,English,USA,Drama,2 wins & 8 nominations.,"A lonesome boy accompanies his mother on a trip to clean out his late aunt's house, and ends up forming an unexpected friendship with the retiree who lives next door.",https://m.media-amazon.com/images/M/MV5BY2E4MGRmZDQtMTUxYy00OWE2LWE4ZGUtMGI0ZjI4MGUxMjM1XkEyXkFqcGdeQXVyMjA2OTE4OA@@._V1_SX300.jpg
27,76 Days,"Weixi Chen, Hao Wu, Anonymous(co-director)",N/A,Hao Wu,N/A,2020,Chinese,USA,"Documentary, Drama",1 win & 1 nomination.,"Raw and intimate, this documentary captures the struggles of patients and frontline medical professionals battling the COVID-19 pandemic in Wuhan.",https://m.media-amazon.com/images/M/MV5BZmM0MWJiNmEtOWE3Zi00YzczLTkzMzItOGM2MzE3Yzc0MjExXkEyXkFqcGdeQXVyMjAyODk4NzQ@._V1_SX300.jpg
28,Totally Under Control,"Alex Gibney, Ophelia Harutyunyan, Suzanne Hillinger","Burak Agan, Alex Azar, Charlie Baker, Scott Becker",Alex Gibney,TV-14,2020,English,USA,Documentary,1 win & 4 nominations.,An in-depth look at how the United States government handled the response to the COVID-19 outbreak during the early months of the pandemic.,https://m.media-amazon.com/images/M/MV5BZWFlYjYwNzgtYTVhNC00ZjhhLWJkNjMtNDgyM2Q0NDdmYjI5XkEyXkFqcGdeQXVyNzg5MzIyOA@@._V1_SX300.jpg
29,David Byrne's American Utopia,Spike Lee,"David Byrne, Jacqueline Acevedo, Gustavo Di Dalva, Daniel Freedman",David Byrne,TV-14,2020,English,USA,"Documentary, Music, Musical",N/A,"Spike Lee documents the former Talking Heads frontman's brilliant, timely 2019 Broadway show, based on his recent album and tour of the same name.",https://m.media-amazon.com/images/M/MV5BMGEzOWU5YmUtNjI0Mi00YzQ4LWIwODgtYWU0NDMyYTZkYjEyXkEyXkFqcGdeQXVyMTkxNjUyNQ@@._V1_SX300.jpg
30,Minari,Lee Isaac Chung,"Steven Yeun, Yeri Han, Yuh-jung Youn, Alan S. Kim",Lee Isaac Chung,PG-13,2020,English,USA,Drama,9 wins & 10 nominations.,A Korean family moves to Arkansas to start a farm in the 1980s.,https://m.media-amazon.com/images/M/MV5BY2QzOTVkZTgtNjRjMi00OWZiLWJmNzMtNjIwOTdiMTZkNzViXkEyXkFqcGdeQXVyMDM2NDM2MQ@@._V1_SX300.jpg
31,Mucho Mucho Amor: The Legend of Walter Mercado,"Cristina Costantini, Kareem Tabsch","Walter Mercado, Willy Acosta, Lin-Manuel Miranda, Raul de Molina",N/A,TV-14,2020,"English, Spanish",USA,Documentary,3 nominations.,"Every day for decades, Walter Mercado — the iconic, gender non-conforming astrologer — mesmerized 120 million Latino viewers with his extravagance and positivity.",https://m.media-amazon.com/images/M/MV5BMDE1MjlkOGQtODYwMi00ZmQ0LWI1MTMtZGQyYzIyYzIwNjVmXkEyXkFqcGdeQXVyMTkxNjUyNQ@@._V1_SX300.jpg
32,The Assistant,Kitty Green,"Julia Garner, Owen Holland, Jon Orsini, Rory Kulz",Kitty Green,R,2019,English,USA,Drama,2 wins & 2 nominations.,"A searing look at a day in the life of an assistant to a powerful executive. As Jane follows her daily routine, she grows increasingly aware of the insidious abuse that threatens every aspect of her position.",https://m.media-amazon.com/images/M/MV5BMjBkMDZkNjctNmZhNi00Mzc5LTk0OTctNzFlMDExYzM3ZDNhXkEyXkFqcGdeQXVyNDY2MjcyOTQ@._V1_SX300.jpg
33,Welcome to Chechnya,David France,"Olga Baranova, David Isteev, Maxim Lapunov","David France, Tyler H. Walk",TV-MA,2020,"Russian, Chechen, English",USA,Documentary,12 wins & 5 nominations.,A group of activists risk their lives fighting for LGBTQ+ rights in Chechnya.,https://m.media-amazon.com/images/M/MV5BNTlkZTlkZDktMzBkNi00OTE1LTk1YjktZmM2NWU0MzkzZDAxXkEyXkFqcGdeQXVyMjYzNTk1NTE@._V1_SX300.jpg
34,All In: The Fight for Democracy,"Lisa Cortes, Liz Garbus","Stacey Abrams, Debo Adegbile, Jayla Allen, Carol Anderson",Jack Youngelson,PG-13,2020,English,USA,Documentary,1 nomination.,"The documentary takes a look at the history, and current activism against voter suppression; barriers to voting that most people don't even know is a threat to their basic rights as citizens of the United States.",https://m.media-amazon.com/images/M/MV5BNmQ0MWQ3NGEtZGU2Ni00ZGRlLWEzNjAtNDkxZGYzZDFiMWJkXkEyXkFqcGdeQXVyODE0OTU5Nzg@._V1_SX300.jpg
35,Athlete A,"Bonni Cohen, Jon Shenk","Maggie Nichols, Gina Nichols, John Nichols, Steve Berta",N/A,PG-13,2020,English,USA,"Documentary, Crime, Sport",2 wins & 5 nominations.,Follow the Indianapolis Star reporters that broke the story about USA Gymnastics doctor Larry Nassar's abuse and hear from gymnasts like Maggie Nichols.,https://m.media-amazon.com/images/M/MV5BYjlmNGYwMjctMjNiMS00NjA4LWJiMmEtN2Y5ZTgyNzE1YzIxXkEyXkFqcGdeQXVyMTQ4NDY5OTc@._V1_SX300.jpg
36,Corpus Christi,Jan Komasa,"Bartosz Bielenia, Aleksandra Konieczna, Eliza Rycembel, Tomasz Zietek",Mateusz Pacewicz,N/A,2019,Polish,"Poland, France",Drama,Nominated for 1 Oscar. Another 50 wins & 26 nominations.,"Daniel experiences a spiritual transformation in a detention center. Although his criminal record prevents him from applying to the seminary, he has no intention of giving up his dream and decides to minister a small-town parish.",https://m.media-amazon.com/images/M/MV5BNTBlYzYwODQtNTE3My00ZDMwLWE1N2MtM2FjNWJiNDZkYTlkXkEyXkFqcGdeQXVyMTMxODk2OTU@._V1_SX300.jpg
37,One Night in Miami,Regina King,"Kingsley Ben-Adir, Eli Goree, Aldis Hodge, Leslie Odom Jr.",Kemp Powers (screenplay by),R,2020,English,USA,Drama,2 wins & 3 nominations.,"One Night in Miami is a fictional account of one incredible night where icons Muhammad Ali, Malcolm X, Sam Cooke, and Jim Brown gathered discussing their roles in the civil rights movement and cultural upheaval of the 60s.",https://m.media-amazon.com/images/M/MV5BYWMzZDBhNTAtMzk2Yy00NjFjLWFmNGYtMDkwMzIxYWUzNTljXkEyXkFqcGdeQXVyMDM2NDM2MQ@@._V1_SX300.jpg
38,On the Record,"Kirby Dick, Amy Ziering","Sil Lai Abrams, Tarana Burke, Kimberle Crenshaw, Drew Dixon","Kirby Dick, Sara Newens, Amy Ziering",N/A,2020,English,USA,Documentary,N/A,A former hip hop executive decides whether to make public her rape by one of the most powerful men in the music industry.,https://m.media-amazon.com/images/M/MV5BNDQzMDdlZjAtZGFjZS00YzMxLWI3YjEtYmNiYWIxY2QzNTI1XkEyXkFqcGdeQXVyMTAwMzM3NDI3._V1_SX300.jpg
39,Extra Ordinary,"Mike Ahern, Enda Loughman","Maeve Higgins, Barry Ward, Will Forte, Claudia O'Doherty","Demian Fox (additional writing by), Maeve Higgins (additional writing by), Mike Ahern, Enda Loughman",R,2019,English,"Ireland, Belgium, Finland, UK","Comedy, Fantasy, Horror",10 wins & 6 nominations.,"Rose, a mostly sweet and lonely Irish driving instructor, must use her supernatural talents to save the daughter of Martin (also mostly sweet and lonely) from a washed-up rock star who is using her in a Satanic pact to reignite his fame.",https://m.media-amazon.com/images/M/MV5BOTZiMzZiNTktZGRkNi00Yzc4LWEyZTYtMTEzOGZjOTFkNWZkXkEyXkFqcGdeQXVyMTI4Mjg4MjA@._V1_SX300.jpg
40,City Hall,Harold Becker,"Al Pacino, John Cusack, Bridget Fonda, Danny Aiello","Ken Lipper, Paul Schrader, Nicholas Pileggi, Bo Goldman",R,1996,English,USA,"Drama, Thriller",1 nomination.,"The accidental shooting of a boy in New York leads to an investigation by the Deputy Mayor, and unexpectedly far-reaching consequences.",https://m.media-amazon.com/images/M/MV5BNDlhNDc3MmEtODJkMS00YmVlLWI4MTUtNDRkMTFhYjk1NDdlXkEyXkFqcGdeQXVyMTMxMTY0OTQ@._V1_SX300.jpg
41,Slay the Dragon,"Chris Durrance, Barak Goodman","Ari Berman, David Daley, Margaret Dickson, Anita Earls",N/A,PG-13,2019,English,USA,Documentary,1 win & 2 nominations.,It influences elections and sways outcomes-gerrymandering has become a hot-button political topic and symbol for everything broken about the American electoral process. But there are those on the front lines fighting to change the system.,https://m.media-amazon.com/images/M/MV5BODZiN2Q0YmUtNzNiMS00Y2E0LTk2NmItZGYwZTlhMzljNzBlXkEyXkFqcGdeQXVyMTkxNjUyNQ@@._V1_SX300.jpg
42,House of Hummingbird,Bora Kim,"Ji-hu Park, Sae-byeok Kim, Seung-Yun Lee, In-gi Jeong",Bora Kim,Not Rated,2018,Korean,South Korea,Drama,55 wins & 44 nominations.,"Seoul 1994, in the year the Seongsu Bridge collapsed, 14-year-old Eunhee wanders the city searching for love.",https://m.media-amazon.com/images/M/MV5BNmNkMzkwMGQtNGVhNy00N2EwLTgyYjktMzY4NDM5MDllMDllXkEyXkFqcGdeQXVyMjY3NDMzMzU@._V1_SX300.jpg
43,,,,,,,,,,,,
44,A Secret Love,Chris Bolan,"Terry Donahue, Pat Henschel, Diana Bolan, Kim Donahue","Chris Bolan, Alexa L. Fogel, Brendan Mason",TV-MA,2020,English,USA,"Documentary, Drama",2 nominations.,"Falling in love in 1947, two women -- Pat Henschel and pro baseball player Terry Donahue -- begin a 65-year journey of love and overcoming prejudice.",https://m.media-amazon.com/images/M/MV5BNzRlMmUzNjUtMDczOC00YjQ5LWE0NDMtY2RkNzI5ODA4NmU3XkEyXkFqcGdeQXVyMTMxODk2OTU@._V1_SX300.jpg
45,Rewind,Jack Bender,"Shane McRae, Jennifer Ferrin, Robbie Jones, Keon Alexander",Justin Marks,TV-14,2013,English,USA,"Action, Sci-Fi, Thriller",N/A,A team of military field operatives and civilian scientists must use untested technology to travel back in time to alter past events in order to change the future and avoid a devastating terrorist attack.,https://m.media-amazon.com/images/M/MV5BMjU3OTkwOTQ0MV5BMl5BanBnXkFtZTgwNjE2NjA2MDE@._V1_SX300.jpg
46,The Painter and the Thief,Benjamin Ree,"Karl Bertil-Nordland, Barbora Kysilkova, Øystein Stene",N/A,N/A,2020,"English, Norwegian",Norway,Documentary,7 wins & 10 nominations.,"An artist befriends the thief who stole her paintings. She becomes his closest ally when he is severely hurt in a car crash and needs full time care, even if her paintings are not found. But then the tables turn.",https://m.media-amazon.com/images/M/MV5BYmMzYTViMzgtNjEzMS00ZDkyLThkNjgtZGM2MTZmMjhmZWQ5XkEyXkFqcGdeQXVyMTA2MDQ3MTQ3._V1_SX300.jpg
47,Coup 53,Taghi Amirani,"Ralph Fiennes, Walter Murch, Winston Churchill, Dwight D. Eisenhower","Taghi Amirani, Walter Murch",N/A,2019,"Italian, English, Persian","UK, Iran","Documentary, History",2 wins & 5 nominations.,"Theatrical feature documentary on the story of Operation Ajax, the CIA/MI6 staged coup in 1953 in Iran that overthrew Prime Minister Mossadegh.",https://m.media-amazon.com/images/M/MV5BNDVjZmY1YWMtNTFiZC00YzVhLTk2YWEtYTc0ZWZmZTYwODkzXkEyXkFqcGdeQXVyMTkxMTcxOTg@._V1_SX300.jpg
48,Mystify: Michael Hutchence,Richard Lowenstein,"Kylie Minogue, Helena Christensen, Bob Geldof, Michael Hutchence",Richard Lowenstein,N/A,2019,"English, Italian, French","Australia, UK","Documentary, Biography, Music",1 win & 7 nominations.,"A documentary feature about the troubled heart and soul of Michael Hutchence, lead singer and songwriter of INXS.",https://m.media-amazon.com/images/M/MV5BYmU0MTdhNmItZjFjZC00NGVjLTgzMGYtMmJmNmQ5Y2U1ZDQwXkEyXkFqcGdeQXVyMTUzMzU4Nw@@._V1_SX300.jpg
49,The Half of It,Alice Wu,"Leah Lewis, Daniel Diemer, Alexxis Lemire, Wolfgang Novogratz",Alice Wu,PG-13,2020,"Spanish, English, Mandarin, French, Hindi",USA,"Comedy, Drama, Romance",1 win.,"When smart but cash-strapped teen Ellie Chu agrees to write a love letter for a jock, she doesn't expect to become his friend - or fall for his crush.",https://m.media-amazon.com/images/M/MV5BY2RlZmZkOTUtMDI5Ni00ZjZmLWI1OTItZmUwNWE4ZWVjNzFiXkEyXkFqcGdeQXVyMTkzODUwNzk@._V1_SX300.jpg
50,Relic,Natalie Erika James,"Emily Mortimer, Robyn Nevin, Bella Heathcote, Steve Rodgers","Natalie Erika James, Christian White",R,2020,English,"Australia, USA","Drama, Horror, Mystery, Thriller",2 wins & 7 nominations.,"A daughter, mother and grandmother are haunted by a manifestation of dementia that consumes their family's home.",https://m.media-amazon.com/images/M/MV5BOGY1MGM2ZjItZDJjMC00ZGM0LTg2MDctNmExNzcyYTcwMjM3XkEyXkFqcGdeQXVyMTkxNjUyNQ@@._V1_SX300.jpg
51,The Fight,"Eli B. Despres, Josh Kriegman, Elyse Steinberg","Brigitte Amiri, David Cole, Lee Gelernt, Dale Ho",N/A,PG-13,2020,English,USA,Documentary,2 wins & 4 nominations.,An inside look at the legal battles that lawyers for the American Civil Liberties Union are facing during the Trump administration.,https://m.media-amazon.com/images/M/MV5BNjQ1YThmZDgtZDczMy00NTA1LWFjZmUtZTUwNDE1YzBkOWUxXkEyXkFqcGdeQXVyMTEyMjM2NDc2._V1_SX300.jpg
52,Soul Surfer,Sean McNamara,"AnnaSophia Robb, Helen Hunt, Dennis Quaid, Carrie Underwood","Sean McNamara (screenplay), Deborah Schwartz (screenplay), Douglas Schwartz (screenplay), Michael Berk (screenplay), Sean McNamara (screen story), Deborah Schwartz (screen story), Douglas Schwartz (screen story), Michael Berk (screen story), Matt Allen (screen story), Caleb Wilson (screen story), Brad Gann (screen story), Bethany Hamilton (book), Sheryl Berk (book), Rick Bundschuh (book)",PG,2011,English,USA,"Biography, Drama, Family, Sport",2 wins & 12 nominations.,Teenage surfer Bethany Hamilton overcomes the odds and her own fears of returning to the water after losing her left arm in a shark attack.,https://m.media-amazon.com/images/M/MV5BMTU2MDg0OTYyM15BMl5BanBnXkFtZTcwMjg5MjY0NA@@._V1_SX300.jpg
53,Babyteeth,Shannon Murphy,"Eliza Scanlen, Michelle Lotters, Toby Wallace, Sora Wakaki",Rita Kalnejais,MA-17,2019,English,Australia,"Comedy, Drama, Music, Romance",27 wins & 16 nominations.,"Milla, a seriously ill teenager, falls in love with a drug dealer, Moses, her parents worst nightmare.",https://m.media-amazon.com/images/M/MV5BMGRhMzRkYzEtMDBjNy00YjkxLWJjNzctNzEwNGNhZDUyZWI0XkEyXkFqcGdeQXVyMTE1MzI2NzIz._V1_SX300.jpg
54,Beats,Chris Robinson,"Khalil Everage, Evan J. Simpson, Ashley Jackson, Ahmad Nicholas Ferguson",Miles Orion Feldsott,TV-MA,2019,English,USA,Drama,1 nomination.,"A reclusive teenage musical prodigy forms an unlikely friendship with a down-on-his-luck high school security guard. United by their mutual love of hiphop, they confront the demons of their past and try to break into Chicago's music scene.",https://m.media-amazon.com/images/M/MV5BZTM5ZDQ3MTctYTlmNC00OWU4LTg4MDAtM2I5NzNhM2JkOTkzXkEyXkFqcGdeQXVyNDg4NjY5OTQ@._V1_SX300.jpg
55,Boys State,"Amanda McBaine, Jesse Moss",Ben Feinstein,N/A,PG-13,2020,English,USA,Documentary,4 wins & 3 nominations.,A thousand 17-year-old boys from Texas join together to build a representative government from the ground up.,https://m.media-amazon.com/images/M/MV5BN2JmMzA1OTgtYTJmMC00Y2Q2LTg2ZWQtMzg2MWQ4MjFmODZkXkEyXkFqcGdeQXVyMjAwNTYzNDg@._V1_SX300.jpg
56,Vitalina Varela,Pedro Costa,"Vitalina Varela, Ventura, Manuel Tavares Almeida, Francisco Brito","Pedro Costa, Vitalina Varela",N/A,2019,Portuguese,Portugal,Drama,21 wins & 21 nominations.,"A Cape Verdean woman navigates her way through Lisbon, following the scanty physical traces her deceased husband left behind and discovering his secret, illicit life.",https://m.media-amazon.com/images/M/MV5BZTBjNTE1NjgtODQ4ZC00MGU4LTkyOTctNTY4MzcyODM4NDhhXkEyXkFqcGdeQXVyMTIxNzk1NjM@._V1_SX300.jpg
57,Circus of Books,Rachel Mason,"Karen Mason, Barry Mason, Micah Mason, Rachel Mason","Rachel Mason (screenplay by), Kathryn Robson (screenplay by)",N/A,2019,English,USA,"Documentary, Biography",2 wins & 1 nomination.,"In 1976, Karen and Barry Mason had fallen on hard times and were looking for a way to support their young family when they answered an ad in the Los Angeles Times. Larry Flynt was seeking ...",https://m.media-amazon.com/images/M/MV5BYzAxYjU5NWItZTJjMC00ZTMzLWFjMTgtYmIzOWE1ZDYzYjExXkEyXkFqcGdeQXVyMTkxNjUyNQ@@._V1_SX300.jpg
58,La llorona,Jayro Bustamante,"María Mercedes Coroy, Sabrina De La Hoz, Margarita Kenéfic, Julio Diaz","Jayro Bustamante, Lisandro Sanchez (co writer)",Not Rated,2019,Spanish,"Guatemala, France","Drama, Horror, Thriller",6 wins & 9 nominations.,"An aging paranoid dictator, protected by a witchcrafting wife, faces death and the uprise of his people in Guatemala.",https://m.media-amazon.com/images/M/MV5BNjE5NDM4OWEtOTEyMy00MmM0LTkxYzEtMDFhYjk3M2FlMzQzXkEyXkFqcGdeQXVyMjM4NTM5NDY@._V1_SX300.jpg
59,Rocks,"Chris Stenner, Arvid Uibel, Heidi Wittlinger","Rainer Basedow, Michael Habeck","Chris Stenner, Arvid Uibel, Heidi Wittlinger",N/A,2001,German,Germany,"Animation, Short, Comedy, Fantasy",Nominated for 1 Oscar. Another 8 wins.,"Apparently, rocks are having conversations all around us, but they talk very, very slowly...",https://m.media-amazon.com/images/M/MV5BZDFkMGViZjctZGU1ZS00NWQzLWFkNGYtYmRhMjBhNDA1ODU0XkEyXkFqcGdeQXVyNDE5MTU2MDE@._V1_SX300.jpg
60,Why Don't You Just Die!,Kirill Sokolov,"Aleksandr Kuznetsov, Vitaliy Khaev, Evgeniya Kregzhde, Michael Gor",Kirill Sokolov,Not Rated,2018,Russian,Russia,"Comedy, Drama, Thriller",5 wins & 8 nominations.,"Andrei, a detective and the world's most horrible father, brings together a terrible group of people in his apartment: his resentful actress daughter, an angry thug, and a cheated cop. Each one of them has a reason to want revenge..",https://m.media-amazon.com/images/M/MV5BZmQ3OGExMzktM2Q2MC00NmFlLWI3ZjItMjVlN2Q3YjE3NTM0XkEyXkFqcGdeQXVyMTg0MTI3Mg@@._V1_SX300.jpg
61,Anything for Jackson,Justin G. Dyck,"Sheila McCarthy, Julian Richings, Konstantina Mantelos, Josh Cruddas",Keith Cooper,N/A,2020,English,Canada,Horror,1 win.,A bereaved Satanist couple kidnap a pregnant woman so they can use an ancient spellbook to put their dead grandson's spirit into her unborn child but end up summoning more than they bargained for.,https://m.media-amazon.com/images/M/MV5BOGQ0NGM4NDgtYzdlOS00YmFiLTgxMzItYTlmZGE3NTlhYmZjXkEyXkFqcGdeQXVyNDk0MjA4MzI@._V1_SX300.jpg
62,Spontaneous,Brian Duffield,"Katherine Langford, Charlie Plummer, Yvonne Orji, Hayley Law","Brian Duffield (adaptation), Aaron Starmer (novel)",R,2020,English,USA,"Comedy, Fantasy, Sci-Fi",1 nomination.,"Get ready for the outrageous coming-of-age love story about growing up...and blowing up. When students in their school begin exploding (literally), seniors Mara and Dylan struggle to survive in a world where each moment may be their last.",https://m.media-amazon.com/images/M/MV5BMWQ0YzI3NTktNjEyNC00MGVhLTlmZjEtN2NkZTcyNmQwYmQ1XkEyXkFqcGdeQXVyMDk5Mzc5MQ@@._V1_SX300.jpg
63,The Swerve,Dean Kapsalis,"Azura Skye, Bryce Pinkham, Ashley Bell, Zach Rand",Dean Kapsalis,N/A,2018,English,USA,Drama,2 wins & 2 nominations.,"Holly seems to have it all: two kids, a nice house, a good job as a teacher, and a husband with his career on the way up. But there are troubling signs that all is not right in her world. ...",https://m.media-amazon.com/images/M/MV5BY2VlYmQ5MjUtNWRjMC00MWExLWExMzYtY2FiYWUxYTlkY2JmXkEyXkFqcGdeQXVyNTE1MzEyMjY@._V1_SX300.jpg
64,Disclosure,Barry Levinson,"Michael Douglas, Demi Moore, Donald Sutherland, Caroline Goodall","Michael Crichton (novel), Paul Attanasio (screenplay)",R,1994,English,USA,"Drama, Thriller",2 wins & 2 nominations.,"A computer specialist is sued for sexual harassment by a former lover turned boss who initiated the act forcefully, which threatens both his career and his personal life.",https://m.media-amazon.com/images/M/MV5BYzhkNjE2YTQtYWQzNS00ZTkwLTg4YzAtNjNlYTRlMGEzYjcxL2ltYWdlXkEyXkFqcGdeQXVyMTQxNzMzNDI@._V1_SX300.jpg
65,Enola Holmes,Harry Bradbeer,"Millie Bobby Brown, Henry Cavill, Sam Claflin, Helena Bonham Carter","Jack Thorne (screenplay by), Nancy Springer (based upon the book ""The Case of the Missing Marquess: An Enola Holmes Mystery"" by)",PG-13,2020,English,UK,"Action, Adventure, Crime, Drama, Mystery",N/A,"When Enola Holmes-Sherlock's teen sister-discovers her mother missing, she sets off to find her, becoming a super-sleuth in her own right as she outwits her famous brother and unravels a dangerous conspiracy around a mysterious young Lord.",https://m.media-amazon.com/images/M/MV5BZjNkNzk0ZjEtM2M1ZC00MmMxLTlmOWEtNWRlZTc1ZTUyNzY4XkEyXkFqcGdeQXVyMTEyMjM2NDc2._V1_SX300.jpg
66,Farewell Amor,Ekwa Msangi,"Ntare Guma Mbaho Mwine, Zainab Jah, Jayme Lawson, Joie Lee",Ekwa Msangi,N/A,2020,English,USA,"Drama, Music, Romance",6 wins & 3 nominations.,"Reunited after 17 years, an Angolan immigrant is joined in the U.S. by his wife and daughter. Now strangers sharing a one-bedroom apartment, they discover a shared love of dance that may help them overcome the distance between them.",https://m.media-amazon.com/images/M/MV5BYzk0YzJhMDAtZGI4MS00ZmVlLWFkZTgtY2YzMDAyNDE0ZGEyXkEyXkFqcGdeQXVyMTE1MzI2NzIz._V1_SX300.jpg
67,Borat Subsequent Moviefilm,Jason Woliner,"Sacha Baron Cohen, Maria Bakalova, Tom Hanks, Dani Popescu","Sacha Baron Cohen (screenplay by), Anthony Hines (screenplay by), Dan Swimer (screenplay by), Peter Baynham (screenplay by), Erica Rivinoja (screenplay by), Dan Mazer (screenplay by), Jena Friedman (screenplay by), Lee Kern (screenplay by), Sacha Baron Cohen (story by), Anthony Hines (story by), Dan Swimer (story by), Nina Pedrad (story by), Sacha Baron Cohen (based on character created by)",R,2020,"English, Bulgarian, Hebrew, Romanian","UK, USA",Comedy,N/A,Follow-up film to the 2006 comedy centering on the real-life adventures of a fictional Kazakh television journalist named Borat.,https://m.media-amazon.com/images/M/MV5BNmY3OTdkOWEtNjc2ZC00OTZmLWI5OWItMjdjYjRkNTExNDNhXkEyXkFqcGdeQXVyMjkwOTAyMDU@._V1_SX300.jpg
68,Red Penguins,Gabe Polsky,"Howard Baldwin, Valery Gushin, Viktor Tikhonov, Steven Warshaw",Gabe Polsky,PG-13,2019,"English, Russian","Germany, Russia, USA","Documentary, Sport",2 nominations.,"Red Penguins tells a story of capitalism and opportunism run amok - complete with gangsters, strippers and live bears serving beer on a hockey rink in Moscow. Shortly after the collapse of ...",https://m.media-amazon.com/images/M/MV5BYjUzNjAyYzYtZTc0ZS00ZjQyLWJiN2QtMmZmODM2ZWRiY2RlXkEyXkFqcGdeQXVyMTkxNjUyNQ@@._V1_SX300.jpg
69,Fourteen,Dan Sallitt,"Tallie Medel, Norma Kuhling, Lorelei Romani, C. Mason Wells",Dan Sallitt (Writer),N/A,2019,English,USA,Drama,2 wins & 3 nominations.,"Over the course of a decade, a young woman becomes increasingly dysfunctional due to undiagnosed mental illness, or perhaps to drugs, while her more stable friend sometimes tries to help, sometimes backs away to preserve herself.",https://m.media-amazon.com/images/M/MV5BOGQyYjUzNDItY2YwMi00MzAzLWEyYTUtMjk2N2EzMDQ0NjQ1XkEyXkFqcGdeQXVyMjEwODY3MA@@._V1_SX300.jpg
70,The Last Tree,Shola Amoo,"Nicholas Pinnock, Gbemisola Ikumelo, Denise Black, Samuel Adewunmi",Shola Amoo,N/A,2019,English,UK,Drama,3 wins & 9 nominations.,"After a happy childhood in the countryside, a teenager moves to London, where he must navigate an unfamiliar environment on his road to adulthood.",https://m.media-amazon.com/images/M/MV5BOTY5NDI0ZmMtYzdlMC00ZWY5LTlkZDItMDgyZTNkMDg0NWY4XkEyXkFqcGdeQXVyMDA4NzMyOA@@._V1_SX300.jpg
71,Saint Maud,Rose Glass,"Morfydd Clark, Jennifer Ehle, Lily Knight, Lily Frazer",Rose Glass,R,2019,"English, Welsh",UK,"Drama, Horror, Mystery",1 win & 2 nominations.,Follows a pious nurse who becomes dangerously obsessed with saving the soul of her dying patient.,https://m.media-amazon.com/images/M/MV5BYzE3ZDg0OTktYjlhNC00ZmQ0LTk0YjktMDE1ZWE2YjIwMjk4XkEyXkFqcGdeQXVyMDA4NzMyOA@@._V1_SX300.jpg
72,"Yes, God, Yes",Karen Maine,"Natalia Dyer, Timothy Simons, Wolfgang Novogratz, Francesca Reale",Karen Maine,R,2019,English,USA,"Comedy, Drama",2 wins & 1 nomination.,"After an innocent AOL chat turns racy, a Catholic teenager in the early 00s discovers masturbating and struggles to suppress her new urges in the face of eternal damnation.",https://m.media-amazon.com/images/M/MV5BMjZjNzRjNmQtOGJlMS00NzVkLWFmYWQtYjIxMzJmYTkwMjhhXkEyXkFqcGdeQXVyODE5NzE3OTE@._V1_SX300.jpg
73,A Shaun the Sheep Movie: Farmageddon,"Will Becher, Richard Phelan","Justin Fletcher, John Sparkes, Amalia Vitale, Kate Harbour","Mark Burton, Jon Brown, Richard Starzak (original idea), Nick Park (characters)",G,2019,English,"UK, France, Belgium, USA, China","Animation, Adventure, Comedy, Family, Fantasy, Sci-Fi",Nominated for 1 BAFTA Film Award. Another 2 wins & 6 nominations.,"When an alien with amazing powers crash-lands near Mossy Bottom Farm, Shaun the Sheep goes on a mission to shepherd the intergalactic visitor home before a sinister organization can capture her.",https://m.media-amazon.com/images/M/MV5BNTdjZjBkMDMtODBlNi00N2E0LWE1OGItOTgxODNmMDkzNGJmXkEyXkFqcGdeQXVyNjg2NjQwMDQ@._V1_SX300.jpg
74,Feels Good Man,Arthur Jones,"Robert Barnes, Samantha Bee, Jeremy Blackburn, Susan Blackmore","Giorgio Angelini, Matt Furie (based on original artwork by), Arthur Jones, Aaron Wickenden",N/A,2020,N/A,USA,"Documentary, Comedy",4 wins & 8 nominations.,"Artist Matt Furie, creator of the comic character Pepe the Frog, begins an uphill battle to take back his iconic cartoon image from those who used it for their own purposes.",https://m.media-amazon.com/images/M/MV5BMzU4Yjc5MjYtYWRjNy00OTM1LWI0YmMtODZkYTYxOTE5OWRmXkEyXkFqcGdeQXVyODc4NDc3NQ@@._V1_SX300.jpg
75,John Lewis: Good Trouble,Dawn Porter,"Elijah Cummings, Anthony Johnson, Hillary Clinton, Ayanna Pressley",N/A,PG,2020,English,USA,Documentary,3 nominations.,"The film explores Georgia representative's, 60-plus years of social activism and legislative action on civil rights, voting rights, gun control, health care reform, and immigration.",https://m.media-amazon.com/images/M/MV5BN2M5MDA3NmUtM2Y2YS00NmU3LWJiMjEtZWY2ZDE4MGY1OWZjXkEyXkFqcGdeQXVyMTA2MDU0NjM5._V1_SX300.jpg
76,"A White, White Day",Hlynur Palmason,"Ingvar Sigurdsson, Ída Mekkín Hlynsdóttir, Hilmir Snær Guðnason, Sara Dögg Ásgeirsdóttir",Hlynur Palmason,N/A,2019,Icelandic,"Iceland, Denmark, Sweden",Drama,19 wins & 21 nominations.,An off duty police begins to suspect a local man for having had an affair with his recently dead wife. Gradually his obsession for finding out the truth accumulates and inevitably begins to endanger himself and his loved ones.,https://m.media-amazon.com/images/M/MV5BMWFkNzk2ZDQtZTQ0OS00NjVmLTgxY2QtZmJkMjI4ZThiZmYwXkEyXkFqcGdeQXVyMTMxODk2OTU@._V1_SX300.jpg
77,Birds of Prey,N/A,"Ashley Scott, Dina Meyer, Rachel Skarsten, Shemar Moore",Laeta Kalogridis,TV-14,2002–2003,English,USA,"Action, Adventure, Drama, Fantasy, Sci-Fi",1 nomination.,"In the future, long after the Batman has driven himself into exile, his legacy lives on in the form of the Birds of Prey--Black Canary, Oracle, and the Huntress.",https://m.media-amazon.com/images/M/MV5BMzg2YmVjMmYtMTA2NS00NTk4LTkzNGYtNGM2YzgwNWQwZGRlXkEyXkFqcGdeQXVyMjU0OTAwMDc@._V1_SX300.jpg
78,Emma.,Autumn de Wilde,"Anya Taylor-Joy, Angus Imrie, Letty Thomas, Gemma Whelan","Eleanor Catton (screenplay by), Jane Austen (based on the novel by)",PG,2020,English,UK,"Comedy, Drama, Romance",N/A,"In 1800s England, a well meaning but selfish young woman meddles in the love lives of her friends.",https://m.media-amazon.com/images/M/MV5BOGRiODEzM2QtOTUyYi00MWRlLTg4MzMtZGI0YmUzNWUyMjQ0XkEyXkFqcGdeQXVyMDA4NzMyOA@@._V1_SX300.jpg
79,Just Mercy,Destin Daniel Cretton,"Jamie Foxx, Charlie Pye Jr., Michael Harding, Christopher Wolfe","Destin Daniel Cretton, Andrew Lanham, Bryan Stevenson (based on the book by)",PG-13,2019,English,USA,"Biography, Crime, Drama",10 wins & 11 nominations.,World-renowned civil rights defense attorney Bryan Stevenson works to free a wrongly condemned death row prisoner.,https://m.media-amazon.com/images/M/MV5BYmM4YzA5NjUtZGEyOS00YzllLWJmM2UtZjhhNmJhM2E1NjUxXkEyXkFqcGdeQXVyMTkxNjUyNQ@@._V1_SX300.jpg
80,Shirley,Josephine Decker,"Elisabeth Moss, Odessa Young, Michael Stuhlbarg, Logan Lerman","Sarah Gubbins (screenplay), Susan Scarf Merrell (novel)",R,2020,English,USA,"Biography, Drama, Thriller",2 wins & 3 nominations.,A famous horror writer finds inspiration for her next book after she and her husband take in a young couple.,https://m.media-amazon.com/images/M/MV5BOGU5YzRmMDctODIxZi00OGEzLWE4ZDYtOTRlMTNiZjlhMDA5XkEyXkFqcGdeQXVyODk4OTc3MTY@._V1_SX300.jpg
81,Blood on Her Name,Matthew Pope,"Bethany Anne Lind, Will Patton, Elisabeth Röhm, Jared Ivers","Don M. Thompson, Matthew Pope",N/A,2019,English,USA,"Crime, Drama, Thriller",1 nomination.,A woman's panicked decision to cover up an accidental killing spins out of control when her conscience demands she return the dead man's body to his family.,https://m.media-amazon.com/images/M/MV5BMjkxNDQxZWYtZTBjOS00YjQ5LTk4ODgtMGFkODMyYTI2NTljXkEyXkFqcGdeQXVyODUwMjI3MzU@._V1_SX300.jpg
82,Bacurau,"Juliano Dornelles, Kleber Mendonça Filho","Bárbara Colen, Thomas Aquino, Silvero Pereira, Thardelly Lima","Kleber Mendonça Filho, Juliano Dornelles",N/A,2019,"Portuguese, English","Brazil, France","Adventure, Horror, Mystery, Thriller, Western",31 wins & 26 nominations.,"After the death of her grandmother, Teresa comes home to her matriarchal village in a near-future Brazil to find a succession of sinister events that mobilizes all of its residents.",https://m.media-amazon.com/images/M/MV5BYjc1N2M1YjMtYzBiNi00NGFiLThkN2QtY2EwZGU5MDRkODAzXkEyXkFqcGdeQXVyMTkzODUwNzk@._V1_SX300.jpg
83,Shithouse,Cooper Raiff,"Cooper Raiff, Dylan Gelula, Amy Landecker, Logan Miller",Cooper Raiff,R,2020,English,USA,"Comedy, Drama, Romance",2 wins & 2 nominations.,A homesick college freshman goes to a party at Shithouse and ends up spending the night with his sophomore RA who's had a shitty day and wants someone to hang out with.,https://m.media-amazon.com/images/M/MV5BZTgwNzNmNjUtNWQwMy00NDZkLWFhMzktMjE3YjBiZGFjNThiXkEyXkFqcGdeQXVyMDM2NDM2MQ@@._V1_SX300.jpg
84,On the Rocks,Sofia Coppola,"Bill Murray, Rashida Jones, Marlon Wayans, Jessica Henwick",Sofia Coppola,R,2020,English,USA,"Comedy, Drama",1 nomination.,A young mother reconnects with her larger-than-life playboy father on an adventure through New York.,https://m.media-amazon.com/images/M/MV5BZTEwY2M0NzAtYjBiMi00Yzg3LWE0ZGYtYTYwODEzMWU0MDFhXkEyXkFqcGdeQXVyMDM2NDM2MQ@@._V1_SX300.jpg
85,Zappa,Bille August,"Adam Tønsberg, Peter Reichhardt, Morten Hoff, Lone Lindorff","Bjarne Reuter, Bille August, Bjarne Reuter (book)",Not Rated,1983,Danish,Denmark,"Comedy, Drama, Romance",1 win & 1 nomination.,"In the early '60s, 3 Danish classmates join a ""den""/tree house. Steen likes his pet fish Zappa because it eats the weaker fish. Bjørn attracts girls and Mulle is a talkative, strong boy. Steen gets them into burglary and later escalates.",https://m.media-amazon.com/images/M/MV5BMTNiNjdkMDYtYjFhZC00NjRkLWFiNDQtNjE2OWI5MTNlZWY0XkEyXkFqcGdeQXVyNDYxOTY1Njg@._V1_SX300.jpg
86,Class Action Park,"Seth Porges, Chris Charles Scott III","Mary Pilon, Jim DeSaye, Jessi Paladini, Andrew Mulvihill",N/A,Not Rated,2020,English,USA,Documentary,1 win & 1 nomination.,A documentary that focuses on a dangerously legendary water park and its slew of injuries and crimes along with child safety concerns.,https://m.media-amazon.com/images/M/MV5BM2ZhOWM0ZjQtNjI2OC00YjEzLThiMjUtNGI0NjU1OWNlNWEzXkEyXkFqcGdeQXVyNjEwNTM2Mzc@._V1_SX300.jpg
87,Dating Amber,David Freyne,"Fionn O'Shea, Lola Petticrew, Sharon Horgan, Barry Ward",David Freyne,N/A,2020,N/A,Ireland,"Comedy, Drama, Romance",1 win & 1 nomination.,Two school friends decide to start a pretend straight relationship in an effort to fit in.,https://m.media-amazon.com/images/M/MV5BODE0OWQwZmItOGM2Ny00N2ViLTg0NmItZTU0YTAzMjE4MDM5XkEyXkFqcGdeQXVyODQyNDI4ODg@._V1_SX300.jpg
88,Kajillionaire,Miranda July,"Evan Rachel Wood, Patricia Belcher, Kim Estes, Da'Vine Joy Randolph",Miranda July,R,2020,English,USA,"Crime, Drama",1 win & 3 nominations.,A woman's life is turned upside down when her criminal parents invite an outsider to join them on a major heist they're planning.,https://m.media-amazon.com/images/M/MV5BNTkxYzUxMDQtZWRiNy00ZWUwLWIxYjMtNWExODBmMzRkZGVmXkEyXkFqcGdeQXVyNjU1NzU3MzE@._V1_SX300.jpg
89,Ordinary Love,"Lisa Barros D'Sa, Glenn Leyburn","Lesley Manville, Liam Neeson, Esh Alladi, Melanie Clark Pullen",Owen McCafferty,R,2019,English,UK,"Drama, Romance",2 wins & 6 nominations.,An extraordinary look at the lives of a middle-aged couple in the midst of the wife's breast cancer diagnosis.,https://m.media-amazon.com/images/M/MV5BODIwNDVlODEtMGIxNC00OGQ4LTgzMmUtNmI4MjJhYjU3MDJjXkEyXkFqcGdeQXVyNDY2MjcyOTQ@._V1_SX300.jpg
90,Mank,David Fincher,"Gary Oldman, Amanda Seyfried, Lily Collins, Tom Pelphrey",Jack Fincher (screen play by),R,2020,"English, German, Latin",USA,"Biography, Comedy, Drama",1 win & 5 nominations.,1930's Hollywood is reevaluated through the eyes of scathing social critic and alcoholic screenwriter Herman J. Mankiewicz as he races to finish the screenplay of Citizen Kane (1941).,https://m.media-amazon.com/images/M/MV5BZjAzNDE2YzMtM2E4OC00NWViLTkwZTItYmVmYmNkYWNhOTMwXkEyXkFqcGdeQXVyMTkxNjUyNQ@@._V1_SX300.jpg
91,Black Is King,"Emmanuel Adjei, Ibra Ake, Blitz Bazawule, Beyoncé, Kwasi Fordjour(co-director)","Folajomi 'FJ' Akinmurele, Aweng Ade-Chuol, Isaak Adoyi, Adut Akech","Beyoncé, Yrsa Daley-Ward, Clover Hope, Andrew Morrow",TV-14,2020,English,USA,"Adventure, Drama, Fantasy, Music",1 nomination.,Visual album from Beyoncé inspired by 'The Lion King'.,https://m.media-amazon.com/images/M/MV5BYWNkOWU1MDUtNzMzMy00NTAwLWExZTAtZjJlZjg0YWNiZjE3XkEyXkFqcGdeQXVyMDM2NDM2MQ@@._V1_SX300.jpg
92,The Life Ahead,Edoardo Ponti,"Sophia Loren, Ibrahima Gueye, Renato Carpentieri, Iosif Diego Pirvu","Ugo Chiti, Romain Gary (based on the book by), Fabio Natale (collaborating writer), Edoardo Ponti",PG-13,2020,"Italian, Spanish, Hebrew, Romanian",Italy,Drama,N/A,"In seaside Italy, a Holocaust survivor with a daycare business takes in a 12-year-old street kid who recently robbed her.",https://m.media-amazon.com/images/M/MV5BODAxNzZmNTktMGI3Ny00MDM4LWI3MmYtNWUwZThhNWQxMWU4XkEyXkFqcGdeQXVyMTE5MTkxMDI2._V1_SX300.jpg
93,Beastie Boys Story,Spike Jonze,"Beastie Boys, Mike D, Adam Horovitz, Adam Yauch","Adam Horovitz, Spike Jonze, Mike D",TV-MA,2020,English,USA,"Documentary, Biography, Music",Nominated for 5 Primetime Emmys. Another 2 wins & 3 nominations.,"Mike Diamond and Adam Horovitz of Beastie Boys tell you an intimate, personal story of their band, and their 40 years of friendship together.",https://m.media-amazon.com/images/M/MV5BOTM1YmVhZWUtZjUzMy00NGZmLWE3OTgtYWYyZjRmZjZjMWUyXkEyXkFqcGdeQXVyMDA4NzMyOA@@._V1_SX300.jpg
94,Lucky Grandma,Sasie Sealy,"Tsai Chin, Hsiao-Yuan Ha, Michael Tow, Woody Fu","Angela Cheng, Sasie Sealy",N/A,2019,"English, Mandarin, Cantonese",USA,"Comedy, Drama",2 wins & 3 nominations.,"Set in New York City's Chinatown, an ornery, chain-smoking Chinese grandma goes all in at the casino, landing herself on the wrong side of luck - and in the middle of a gang war.",https://m.media-amazon.com/images/M/MV5BZjhmN2M1ZTQtYTljMi00MjIzLWI1ODQtODZkYzVjMWY4NzczXkEyXkFqcGdeQXVyMTI4Mjg4MjA@._V1_SX300.jpg
95,Les Misérables,Tom Hooper,"Hugh Jackman, Russell Crowe, Anne Hathaway, Amanda Seyfried","William Nicholson (screenplay by), Alain Boublil (screenplay by), Claude-Michel Schönberg (screenplay by), Herbert Kretzmer (screenplay by), Alain Boublil (based on: the original stage musical ""Les Misérables""), Claude-Michel Schönberg (based on: the original stage musical ""Les Misérables""), Victor Hugo (based on: the original stage musical ""Les Misérables"",  from the novel by)",PG-13,2012,English,"UK, USA","Drama, History, Musical, Romance, War",Won 3 Oscars. Another 83 wins & 175 nominations.,"In 19th-century France, Jean Valjean, who for decades has been hunted by the ruthless policeman Javert after breaking parole, agrees to care for a factory worker's daughter. The decision changes their lives forever.",https://m.media-amazon.com/images/M/MV5BMTQ4NDI3NDg4M15BMl5BanBnXkFtZTcwMjY5OTI1OA@@._V1_SX300.jpg
96,Calm with Horses,Nick Rowland,"Cosmo Jarvis, Barry Keoghan, Liam Carney, David Wilmot","Colin Barrett (based on the short story by), Joe Murtagh",R,2019,English,"UK, Ireland","Crime, Drama",1 win & 6 nominations.,"Douglas 'Arm' Armstrong has become the feared enforcer for the drug-dealing Devers family, whilst also trying to be a good father. Torn between these two families, Arm's loyalties are tested when he is asked to kill for the first time.",https://m.media-amazon.com/images/M/MV5BODcyMDc4OTMtNDBkMS00YjRkLTllYjQtNTIyOWEyNzM5YzQwXkEyXkFqcGdeQXVyODA5NDE0Nw@@._V1_SX300.jpg
97,And Then We Danced,Levan Akin,"Levan Gelbakhiani, Bachi Valishvili, Ana Javakishvili, Kakha Gogidze",Levan Akin,Not Rated,2019,Georgian,"Sweden, Georgia, France","Drama, Romance",24 wins & 21 nominations.,"A passionate coming-of-age tale set amidst the conservative confines of modern Tbilisi, the film follows Merab, a competitive dancer who is thrown off balance by the arrival of Irakli, a fellow male dancer with a rebellious streak.",https://m.media-amazon.com/images/M/MV5BMDJhYzE2MTUtYzBhZC00ZWRhLTkwNDctN2YxNGU3NzM2ZTE4XkEyXkFqcGdeQXVyNDU0NjMyNTQ@._V1_SX300.jpg
98,My Darling Vivian,Matt Riddlehoover,"Joaquin Phoenix, Reese Witherspoon, Kristen Wiig, Ginnifer Goodwin",N/A,Not Rated,2020,English,USA,"Documentary, Biography",1 win & 3 nominations.,"The story of Vivian Liberto, Johnny Cash's first wife and the mother of his four daughters.",https://m.media-amazon.com/images/M/MV5BZmJlNzRlNTQtYTIyNS00Zjg1LThhY2UtNzU2M2M1OWQ2NWM1XkEyXkFqcGdeQXVyNjEwOTIyNA@@._V1_SX300.jpg
99,Dinner in America,Adam Rehmeier,"Kyle Gallner, Emily Skeggs, Mary Anderson, Brian Andrus",Adam Rehmeier,N/A,2020,English,USA,"Comedy, Drama, Music",1 win & 3 nominations.,An on-the-lam punk rocker and a young woman obsessed with his band unexpectedly fall in love and go on an epic journey together through America's decaying Midwestern suburbs.,https://m.media-amazon.com/images/M/MV5BOTcyNjk3NGMtOWY5ZS00NjJmLTliN2ItOTRlZDkzMDJjMjhhXkEyXkFqcGdeQXVyMTQ5Mzc5MDU@._V1_SX300.jpg
